Actual,Predicted_ANN
65,46.788483
33,29.508904
50,40.83298
14,7.5684886
22,17.356226
32,36.23545
12,50.32726
51,26.11973
49,49.57347
49,43.865402
25,32.00618
22,14.237499
17,14.904977
25,26.603077
36,31.804792
18,22.638498
40,35.890205
6,11.274134
33,45.562866
48,51.1501
41,44.947174
17,15.054583
12,19.772951
14,13.13271
10,10.6239195
52,44.889626
25,50.01654
